,Sub,aa_origin,aa_dest,codons_origin,codons_dest,mass_origin,mass_dest,delta_mass,mispairing,mismatch_pos,missed_cleavage,add_cleavage,danger,danger_mod
0,A to C,A,C,"['GCU', 'GCC', 'GCA', 'GCG']","['UGU', 'UGC']",71.03712,160.030654,88.99353,FALSE,,FALSE,FALSE,FALSE,
1,A to D,A,D,"['GCU', 'GCC', 'GCA', 'GCG']","['GAU', 'GAC']",71.03712,115.02695,43.98983,TRUE,2,FALSE,FALSE,FALSE,
2,A to E,A,E,"['GCU', 'GCC', 'GCA', 'GCG']","['GAA', 'GAG']",71.03712,129.0426,58.00548,TRUE,2,FALSE,FALSE,TRUE,Iodoacetic acid derivative
3,A to F,A,F,"['GCU', 'GCC', 'GCA', 'GCG']","['UUU', 'UUC']",71.03712,147.06842,76.0313,FALSE,,FALSE,FALSE,FALSE,
4,A to G,A,G,"['GCU', 'GCC', 'GCA', 'GCG']","['GGU', 'GGC', 'GGA', 'GGG']",71.03712,57.02147,-14.01565,TRUE,2,FALSE,FALSE,FALSE,
5,A to H,A,H,"['GCU', 'GCC', 'GCA', 'GCG']","['CAU', 'CAC']",71.03712,137.05891,66.02179,FALSE,,FALSE,FALSE,FALSE,
6,A to K,A,K,"['GCU', 'GCC', 'GCA', 'GCG']","['AAA', 'AAG']",71.03712,128.09497,57.05785,FALSE,,FALSE,TRUE,FALSE,
7,A to L,A,L,"['GCU', 'GCC', 'GCA', 'GCG']","['UUA', 'UUG', 'CUU', 'CUC', 'CUA', 'CUG', 'AUA', 'AUC', 'AUU']",71.03712,113.08407,42.04695,FALSE,,FALSE,FALSE,TRUE,tri-Methylation
8,A to M,A,M,"['GCU', 'GCC', 'GCA', 'GCG']",['AUG'],71.03712,131.04049,60.00337,FALSE,,FALSE,FALSE,FALSE,
9,A to N,A,N,"['GCU', 'GCC', 'GCA', 'GCG']","['AAU', 'AAC']",71.03712,114.04293,43.00581,FALSE,,FALSE,FALSE,TRUE,Carbamylation
10,A to P,A,P,"['GCU', 'GCC', 'GCA', 'GCG']","['CCU', 'CCC', 'CCA', 'CCG']",71.03712,97.05277,26.01565,TRUE,1,FALSE,FALSE,TRUE,Acetaldehyde +26
11,A to Q,A,Q,"['GCU', 'GCC', 'GCA', 'GCG']","['CAA', 'CAG']",71.03712,128.05858,57.02146,FALSE,,FALSE,FALSE,TRUE,Iodoacetamide derivative
12,A to R,A,R,"['GCU', 'GCC', 'GCA', 'GCG']","['CGU', 'CGC', 'CGA', 'CGG', 'AGA', 'AGG']",71.03712,156.10112,85.064,FALSE,,FALSE,TRUE,FALSE,
13,A to S,A,S,"['GCU', 'GCC', 'GCA', 'GCG']","['UCU', 'UCC', 'UCA', 'UCG', 'AGU', 'AGC']",71.03712,87.03203,15.99491,TRUE,1,FALSE,FALSE,TRUE,Oxidation or Hydroxylation
14,A to T,A,T,"['GCU', 'GCC', 'GCA', 'GCG']","['ACU', 'ACC', 'ACA', 'ACG']",71.03712,101.04768,30.01056,TRUE,1 (G:U),FALSE,FALSE,FALSE,
15,A to V,A,V,"['GCU', 'GCC', 'GCA', 'GCG']","['GUU', 'GUC', 'GUA', 'GUG']",71.03712,99.06842,28.0313,TRUE,2,FALSE,FALSE,TRUE,Ethylation
16,A to W,A,W,"['GCU', 'GCC', 'GCA', 'GCG']",['UGG'],71.03712,186.07932,115.0422,FALSE,,FALSE,FALSE,FALSE,
17,A to Y,A,Y,"['GCU', 'GCC', 'GCA', 'GCG']","['UAU', 'UAC']",71.03712,163.0633,92.02618,FALSE,,FALSE,FALSE,FALSE,
18,C to A,C,A,"['UGU', 'UGC']","['GCU', 'GCC', 'GCA', 'GCG']",160.030654,71.03712,-88.99353,FALSE,,FALSE,FALSE,FALSE,
19,C to D,C,D,"['UGU', 'UGC']","['GAU', 'GAC']",160.030654,115.02695,-45.0037,FALSE,,FALSE,FALSE,FALSE,
20,C to E,C,E,"['UGU', 'UGC']","['GAA', 'GAG']",160.030654,129.0426,-30.98805,FALSE,,FALSE,FALSE,FALSE,
21,C to F,C,F,"['UGU', 'UGC']","['UUU', 'UUC']",160.030654,147.06842,-12.96223,TRUE,2,FALSE,FALSE,FALSE,
22,C to G,C,G,"['UGU', 'UGC']","['GGU', 'GGC', 'GGA', 'GGG']",160.030654,57.02147,-103.00918,TRUE,1,FALSE,FALSE,FALSE,
23,C to H,C,H,"['UGU', 'UGC']","['CAU', 'CAC']",160.030654,137.05891,-22.97174,FALSE,,FALSE,FALSE,FALSE,
24,C to K,C,K,"['UGU', 'UGC']","['AAA', 'AAG']",160.030654,128.09497,-31.93568,FALSE,,FALSE,TRUE,FALSE,
25,C to L,C,L,"['UGU', 'UGC']","['UUA', 'UUG', 'CUU', 'CUC', 'CUA', 'CUG', 'AUA', 'AUC', 'AUU']",160.030654,113.08407,-46.94658,FALSE,,FALSE,FALSE,FALSE,
26,C to M,C,M,"['UGU', 'UGC']",['AUG'],160.030654,131.04049,-28.99016,FALSE,,FALSE,FALSE,FALSE,
27,C to N,C,N,"['UGU', 'UGC']","['AAU', 'AAC']",160.030654,114.04293,-45.98772,FALSE,,FALSE,FALSE,FALSE,
28,C to P,C,P,"['UGU', 'UGC']","['CCU', 'CCC', 'CCA', 'CCG']",160.030654,97.05277,-62.97788,FALSE,,FALSE,FALSE,FALSE,
29,C to Q,C,Q,"['UGU', 'UGC']","['CAA', 'CAG']",160.030654,128.05858,-31.97207,FALSE,,FALSE,FALSE,FALSE,
30,C to R,C,R,"['UGU', 'UGC']","['CGU', 'CGC', 'CGA', 'CGG', 'AGA', 'AGG']",160.030654,156.10112,-3.92953,TRUE,1,FALSE,TRUE,FALSE,
31,C to S,C,S,"['UGU', 'UGC']","['UCU', 'UCC', 'UCA', 'UCG', 'AGU', 'AGC']",160.030654,87.03203,-72.99862,TRUE,"1,2",FALSE,FALSE,FALSE,
32,C to T,C,T,"['UGU', 'UGC']","['ACU', 'ACC', 'ACA', 'ACG']",160.030654,101.04768,-58.98297,FALSE,,FALSE,FALSE,FALSE,
33,C to V,C,V,"['UGU', 'UGC']","['GUU', 'GUC', 'GUA', 'GUG']",160.030654,99.06842,-60.96223,FALSE,,FALSE,FALSE,FALSE,
34,C to W,C,W,"['UGU', 'UGC']",['UGG'],160.030654,186.07932,26.04867,TRUE,3,FALSE,FALSE,FALSE,
35,C to Y,C,Y,"['UGU', 'UGC']","['UAU', 'UAC']",160.030654,163.0633,3.03265,TRUE,2 (G:U),FALSE,FALSE,FALSE,
36,D to A,D,A,"['GAU', 'GAC']","['GCU', 'GCC', 'GCA', 'GCG']",115.02695,71.03712,-43.98983,TRUE,2,FALSE,FALSE,FALSE,
37,D to C,D,C,"['GAU', 'GAC']","['UGU', 'UGC']",115.02695,160.030654,45.0037,FALSE,,FALSE,FALSE,FALSE,
38,D to E,D,E,"['GAU', 'GAC']","['GAA', 'GAG']",115.02695,129.0426,14.01565,TRUE,3,FALSE,FALSE,TRUE,Methylation
39,D to F,D,F,"['GAU', 'GAC']","['UUU', 'UUC']",115.02695,147.06842,32.04147,FALSE,,FALSE,FALSE,FALSE,
40,D to G,D,G,"['GAU', 'GAC']","['GGU', 'GGC', 'GGA', 'GGG']",115.02695,57.02147,-58.00548,TRUE,2,FALSE,FALSE,FALSE,
41,D to H,D,H,"['GAU', 'GAC']","['CAU', 'CAC']",115.02695,137.05891,22.03196,TRUE,1,FALSE,FALSE,FALSE,
42,D to K,D,K,"['GAU', 'GAC']","['AAA', 'AAG']",115.02695,128.09497,13.06802,FALSE,,FALSE,TRUE,FALSE,
43,D to L,D,L,"['GAU', 'GAC']","['UUA', 'UUG', 'CUU', 'CUC', 'CUA', 'CUG', 'AUA', 'AUC', 'AUU']",115.02695,113.08407,-1.94288,FALSE,,FALSE,FALSE,FALSE,
44,D to M,D,M,"['GAU', 'GAC']",['AUG'],115.02695,131.04049,16.01354,FALSE,,FALSE,FALSE,FALSE,
45,D to N,D,N,"['GAU', 'GAC']","['AAU', 'AAC']",115.02695,114.04293,-0.98402,TRUE,1 (G:U),FALSE,FALSE,TRUE,Amidation
46,D to P,D,P,"['GAU', 'GAC']","['CCU', 'CCC', 'CCA', 'CCG']",115.02695,97.05277,-17.97418,FALSE,,FALSE,FALSE,FALSE,
47,D to Q,D,Q,"['GAU', 'GAC']","['CAA', 'CAG']",115.02695,128.05858,13.03163,FALSE,,FALSE,FALSE,FALSE,
48,D to R,D,R,"['GAU', 'GAC']","['CGU', 'CGC', 'CGA', 'CGG', 'AGA', 'AGG']",115.02695,156.10112,41.07417,FALSE,,FALSE,TRUE,FALSE,
49,D to S,D,S,"['GAU', 'GAC']","['UCU', 'UCC', 'UCA', 'UCG', 'AGU', 'AGC']",115.02695,87.03203,-27.99492,FALSE,,FALSE,FALSE,FALSE,
50,D to T,D,T,"['GAU', 'GAC']","['ACU', 'ACC', 'ACA', 'ACG']",115.02695,101.04768,-13.97927,FALSE,,FALSE,FALSE,FALSE,
51,D to V,D,V,"['GAU', 'GAC']","['GUU', 'GUC', 'GUA', 'GUG']",115.02695,99.06842,-15.95853,TRUE,2,FALSE,FALSE,FALSE,
52,D to W,D,W,"['GAU', 'GAC']",['UGG'],115.02695,186.07932,71.05237,FALSE,,FALSE,FALSE,FALSE,
53,D to Y,D,Y,"['GAU', 'GAC']","['UAU', 'UAC']",115.02695,163.0633,48.03635,TRUE,1,FALSE,FALSE,FALSE,
54,E to A,E,A,"['GAA', 'GAG']","['GCU', 'GCC', 'GCA', 'GCG']",129.0426,71.03712,-58.00548,TRUE,2,FALSE,FALSE,FALSE,
55,E to C,E,C,"['GAA', 'GAG']","['UGU', 'UGC']",129.0426,160.030654,30.98805,FALSE,,FALSE,FALSE,FALSE,
56,E to D,E,D,"['GAA', 'GAG']","['GAU', 'GAC']",129.0426,115.02695,-14.01565,TRUE,3,FALSE,FALSE,FALSE,
57,E to F,E,F,"['GAA', 'GAG']","['UUU', 'UUC']",129.0426,147.06842,18.02582,FALSE,,FALSE,FALSE,FALSE,
58,E to G,E,G,"['GAA', 'GAG']","['GGU', 'GGC', 'GGA', 'GGG']",129.0426,57.02147,-72.02113,TRUE,2,FALSE,FALSE,FALSE,
59,E to H,E,H,"['GAA', 'GAG']","['CAU', 'CAC']",129.0426,137.05891,8.01631,FALSE,,FALSE,FALSE,FALSE,
60,E to K,E,K,"['GAA', 'GAG']","['AAA', 'AAG']",129.0426,128.09497,-0.94763,TRUE,1 (G:U),FALSE,TRUE,FALSE,
61,E to L,E,L,"['GAA', 'GAG']","['UUA', 'UUG', 'CUU', 'CUC', 'CUA', 'CUG', 'AUA', 'AUC', 'AUU']",129.0426,113.08407,-15.95853,FALSE,,FALSE,FALSE,FALSE,
62,E to M,E,M,"['GAA', 'GAG']",['AUG'],129.0426,131.04049,1.99789,FALSE,,FALSE,FALSE,FALSE,
63,E to N,E,N,"['GAA', 'GAG']","['AAU', 'AAC']",129.0426,114.04293,-14.99967,FALSE,,FALSE,FALSE,FALSE,
64,E to P,E,P,"['GAA', 'GAG']","['CCU', 'CCC', 'CCA', 'CCG']",129.0426,97.05277,-31.98983,FALSE,,FALSE,FALSE,FALSE,
65,E to Q,E,Q,"['GAA', 'GAG']","['CAA', 'CAG']",129.0426,128.05858,-0.98402,TRUE,1,FALSE,FALSE,TRUE,Amidation
66,E to R,E,R,"['GAA', 'GAG']","['CGU', 'CGC', 'CGA', 'CGG', 'AGA', 'AGG']",129.0426,156.10112,27.05852,FALSE,,FALSE,TRUE,FALSE,
67,E to S,E,S,"['GAA', 'GAG']","['UCU', 'UCC', 'UCA', 'UCG', 'AGU', 'AGC']",129.0426,87.03203,-42.01057,FALSE,,FALSE,FALSE,FALSE,
68,E to T,E,T,"['GAA', 'GAG']","['ACU', 'ACC', 'ACA', 'ACG']",129.0426,101.04768,-27.99492,FALSE,,FALSE,FALSE,FALSE,
69,E to V,E,V,"['GAA', 'GAG']","['GUU', 'GUC', 'GUA', 'GUG']",129.0426,99.06842,-29.97418,TRUE,2,FALSE,FALSE,FALSE,
70,E to W,E,W,"['GAA', 'GAG']",['UGG'],129.0426,186.07932,57.03672,FALSE,,FALSE,FALSE,FALSE,
71,E to Y,E,Y,"['GAA', 'GAG']","['UAU', 'UAC']",129.0426,163.0633,34.0207,FALSE,,FALSE,FALSE,FALSE,
72,F to A,F,A,"['UUU', 'UUC']","['GCU', 'GCC', 'GCA', 'GCG']",147.06842,71.03712,-76.0313,FALSE,,FALSE,FALSE,FALSE,
73,F to C,F,C,"['UUU', 'UUC']","['UGU', 'UGC']",147.06842,160.030654,12.96223,TRUE,2,FALSE,FALSE,TRUE,Phe->Cys substitution and carbamidomethylation
74,F to D,F,D,"['UUU', 'UUC']","['GAU', 'GAC']",147.06842,115.02695,-32.04147,FALSE,,FALSE,FALSE,FALSE,
75,F to E,F,E,"['UUU', 'UUC']","['GAA', 'GAG']",147.06842,129.0426,-18.02582,FALSE,,FALSE,FALSE,FALSE,
76,F to G,F,G,"['UUU', 'UUC']","['GGU', 'GGC', 'GGA', 'GGG']",147.06842,57.02147,-90.04695,FALSE,,FALSE,FALSE,FALSE,
77,F to H,F,H,"['UUU', 'UUC']","['CAU', 'CAC']",147.06842,137.05891,-10.00951,FALSE,,FALSE,FALSE,FALSE,
78,F to K,F,K,"['UUU', 'UUC']","['AAA', 'AAG']",147.06842,128.09497,-18.97345,FALSE,,FALSE,TRUE,FALSE,
79,F to L,F,L,"['UUU', 'UUC']","['UUA', 'UUG', 'CUU', 'CUC', 'CUA', 'CUG', 'AUA', 'AUC', 'AUU']",147.06842,113.08407,-33.98435,TRUE,"1,3",FALSE,FALSE,FALSE,
80,F to M,F,M,"['UUU', 'UUC']",['AUG'],147.06842,131.04049,-16.02793,FALSE,,FALSE,FALSE,FALSE,
81,F to N,F,N,"['UUU', 'UUC']","['AAU', 'AAC']",147.06842,114.04293,-33.02549,FALSE,,FALSE,FALSE,FALSE,
82,F to P,F,P,"['UUU', 'UUC']","['CCU', 'CCC', 'CCA', 'CCG']",147.06842,97.05277,-50.01565,FALSE,,FALSE,FALSE,FALSE,
83,F to Q,F,Q,"['UUU', 'UUC']","['CAA', 'CAG']",147.06842,128.05858,-19.00984,FALSE,,FALSE,FALSE,FALSE,
84,F to R,F,R,"['UUU', 'UUC']","['CGU', 'CGC', 'CGA', 'CGG', 'AGA', 'AGG']",147.06842,156.10112,9.0327,FALSE,,FALSE,TRUE,FALSE,
85,F to S,F,S,"['UUU', 'UUC']","['UCU', 'UCC', 'UCA', 'UCG', 'AGU', 'AGC']",147.06842,87.03203,-60.03639,TRUE,2,FALSE,FALSE,FALSE,
86,F to T,F,T,"['UUU', 'UUC']","['ACU', 'ACC', 'ACA', 'ACG']",147.06842,101.04768,-46.02074,FALSE,,FALSE,FALSE,FALSE,
87,F to V,F,V,"['UUU', 'UUC']","['GUU', 'GUC', 'GUA', 'GUG']",147.06842,99.06842,-48,TRUE,1,FALSE,FALSE,FALSE,
88,F to W,F,W,"['UUU', 'UUC']",['UGG'],147.06842,186.07932,39.0109,FALSE,,FALSE,FALSE,FALSE,
89,F to Y,F,Y,"['UUU', 'UUC']","['UAU', 'UAC']",147.06842,163.0633,15.99488,TRUE,2,FALSE,FALSE,TRUE,Oxidation or Hydroxylation
90,G to A,G,A,"['GGU', 'GGC', 'GGA', 'GGG']","['GCU', 'GCC', 'GCA', 'GCG']",57.02147,71.03712,14.01565,TRUE,2,FALSE,FALSE,TRUE,Methylation
91,G to C,G,C,"['GGU', 'GGC', 'GGA', 'GGG']","['UGU', 'UGC']",57.02147,160.030654,103.00918,TRUE,1,FALSE,FALSE,FALSE,
92,G to D,G,D,"['GGU', 'GGC', 'GGA', 'GGG']","['GAU', 'GAC']",57.02147,115.02695,58.00548,TRUE,2 (G:U),FALSE,FALSE,TRUE,Iodoacetic acid derivative
93,G to E,G,E,"['GGU', 'GGC', 'GGA', 'GGG']","['GAA', 'GAG']",57.02147,129.0426,72.02113,TRUE,2 (G:U),FALSE,FALSE,FALSE,
94,G to F,G,F,"['GGU', 'GGC', 'GGA', 'GGG']","['UUU', 'UUC']",57.02147,147.06842,90.04695,FALSE,,FALSE,FALSE,FALSE,
95,G to H,G,H,"['GGU', 'GGC', 'GGA', 'GGG']","['CAU', 'CAC']",57.02147,137.05891,80.03744,FALSE,,FALSE,FALSE,FALSE,
96,G to K,G,K,"['GGU', 'GGC', 'GGA', 'GGG']","['AAA', 'AAG']",57.02147,128.09497,71.0735,FALSE,,FALSE,TRUE,FALSE,
97,G to L,G,L,"['GGU', 'GGC', 'GGA', 'GGG']","['UUA', 'UUG', 'CUU', 'CUC', 'CUA', 'CUG', 'AUA', 'AUC', 'AUU']",57.02147,113.08407,56.0626,FALSE,,FALSE,FALSE,FALSE,
98,G to M,G,M,"['GGU', 'GGC', 'GGA', 'GGG']",['AUG'],57.02147,131.04049,74.01902,FALSE,,FALSE,FALSE,FALSE,
99,G to N,G,N,"['GGU', 'GGC', 'GGA', 'GGG']","['AAU', 'AAC']",57.02147,114.04293,57.02146,FALSE,,FALSE,FALSE,TRUE,Iodoacetamide derivative
100,G to P,G,P,"['GGU', 'GGC', 'GGA', 'GGG']","['CCU', 'CCC', 'CCA', 'CCG']",57.02147,97.05277,40.0313,FALSE,,FALSE,FALSE,TRUE,Propionaldehyde +40
101,G to Q,G,Q,"['GGU', 'GGC', 'GGA', 'GGG']","['CAA', 'CAG']",57.02147,128.05858,71.03711,FALSE,,FALSE,FALSE,FALSE,
102,G to R,G,R,"['GGU', 'GGC', 'GGA', 'GGG']","['CGU', 'CGC', 'CGA', 'CGG', 'AGA', 'AGG']",57.02147,156.10112,99.07965,TRUE,"1 (G:U for GGA:AGA, GGG:AGG)",FALSE,TRUE,FALSE,
103,G to S,G,S,"['GGU', 'GGC', 'GGA', 'GGG']","['UCU', 'UCC', 'UCA', 'UCG', 'AGU', 'AGC']",57.02147,87.03203,30.01056,TRUE,1 (G:U),FALSE,FALSE,FALSE,
104,G to T,G,T,"['GGU', 'GGC', 'GGA', 'GGG']","['ACU', 'ACC', 'ACA', 'ACG']",57.02147,101.04768,44.02621,FALSE,,FALSE,FALSE,FALSE,
105,G to V,G,V,"['GGU', 'GGC', 'GGA', 'GGG']","['GUU', 'GUC', 'GUA', 'GUG']",57.02147,99.06842,42.04695,TRUE,2,FALSE,FALSE,FALSE,
106,G to W,G,W,"['GGU', 'GGC', 'GGA', 'GGG']",['UGG'],57.02147,186.07932,129.05785,TRUE,1,FALSE,FALSE,FALSE,
107,G to Y,G,Y,"['GGU', 'GGC', 'GGA', 'GGG']","['UAU', 'UAC']",57.02147,163.0633,106.04183,FALSE,,FALSE,FALSE,FALSE,
108,H to A,H,A,"['CAU', 'CAC']","['GCU', 'GCC', 'GCA', 'GCG']",137.05891,71.03712,-66.02179,FALSE,,FALSE,FALSE,FALSE,
109,H to C,H,C,"['CAU', 'CAC']","['UGU', 'UGC']",137.05891,160.030654,22.97174,FALSE,,FALSE,FALSE,FALSE,
110,H to D,H,D,"['CAU', 'CAC']","['GAU', 'GAC']",137.05891,115.02695,-22.03196,TRUE,1,FALSE,FALSE,FALSE,
111,H to E,H,E,"['CAU', 'CAC']","['GAA', 'GAG']",137.05891,129.0426,-8.01631,FALSE,,FALSE,FALSE,FALSE,
112,H to F,H,F,"['CAU', 'CAC']","['UUU', 'UUC']",137.05891,147.06842,10.00951,FALSE,,FALSE,FALSE,FALSE,
113,H to G,H,G,"['CAU', 'CAC']","['GGU', 'GGC', 'GGA', 'GGG']",137.05891,57.02147,-80.03744,FALSE,,FALSE,FALSE,FALSE,
114,H to K,H,K,"['CAU', 'CAC']","['AAA', 'AAG']",137.05891,128.09497,-8.96394,FALSE,,FALSE,TRUE,FALSE,
115,H to L,H,L,"['CAU', 'CAC']","['UUA', 'UUG', 'CUU', 'CUC', 'CUA', 'CUG', 'AUA', 'AUC', 'AUU']",137.05891,113.08407,-23.97484,TRUE,2,FALSE,FALSE,FALSE,
116,H to M,H,M,"['CAU', 'CAC']",['AUG'],137.05891,131.04049,-6.01842,FALSE,,FALSE,FALSE,FALSE,
117,H to N,H,N,"['CAU', 'CAC']","['AAU', 'AAC']",137.05891,114.04293,-23.01598,TRUE,1,FALSE,FALSE,FALSE,
118,H to P,H,P,"['CAU', 'CAC']","['CCU', 'CCC', 'CCA', 'CCG']",137.05891,97.05277,-40.00614,TRUE,2,FALSE,FALSE,FALSE,
119,H to Q,H,Q,"['CAU', 'CAC']","['CAA', 'CAG']",137.05891,128.05858,-9.00033,TRUE,3,FALSE,FALSE,FALSE,
120,H to R,H,R,"['CAU', 'CAC']","['CGU', 'CGC', 'CGA', 'CGG', 'AGA', 'AGG']",137.05891,156.10112,19.04221,TRUE,2,FALSE,TRUE,FALSE,
121,H to S,H,S,"['CAU', 'CAC']","['UCU', 'UCC', 'UCA', 'UCG', 'AGU', 'AGC']",137.05891,87.03203,-50.02688,FALSE,,FALSE,FALSE,FALSE,
122,H to T,H,T,"['CAU', 'CAC']","['ACU', 'ACC', 'ACA', 'ACG']",137.05891,101.04768,-36.01123,FALSE,,FALSE,FALSE,FALSE,
123,H to V,H,V,"['CAU', 'CAC']","['GUU', 'GUC', 'GUA', 'GUG']",137.05891,99.06842,-37.99049,FALSE,,FALSE,FALSE,FALSE,
124,H to W,H,W,"['CAU', 'CAC']",['UGG'],137.05891,186.07932,49.02041,FALSE,,FALSE,FALSE,FALSE,
125,H to Y,H,Y,"['CAU', 'CAC']","['UAU', 'UAC']",137.05891,163.0633,26.00439,TRUE,1,FALSE,FALSE,FALSE,
126,I to A,I,A,"['AUU', 'AUC', 'AUA']","['GCU', 'GCC', 'GCA', 'GCG']",113.08407,71.03712,-42.04695,FALSE,,FALSE,FALSE,FALSE,
127,I to C,I,C,"['AUU', 'AUC', 'AUA']","['UGU', 'UGC']",113.08407,160.030654,46.94658,FALSE,,FALSE,FALSE,FALSE,
128,I to D,I,D,"['AUU', 'AUC', 'AUA']","['GAU', 'GAC']",113.08407,115.02695,1.94288,FALSE,,FALSE,FALSE,FALSE,
129,I to E,I,E,"['AUU', 'AUC', 'AUA']","['GAA', 'GAG']",113.08407,129.0426,15.95853,FALSE,,FALSE,FALSE,FALSE,
130,I to F,I,F,"['AUU', 'AUC', 'AUA']","['UUU', 'UUC']",113.08407,147.06842,33.98435,TRUE,1,FALSE,FALSE,FALSE,
131,I to G,I,G,"['AUU', 'AUC', 'AUA']","['GGU', 'GGC', 'GGA', 'GGG']",113.08407,57.02147,-56.0626,FALSE,,FALSE,FALSE,FALSE,
132,I to H,I,H,"['AUU', 'AUC', 'AUA']","['CAU', 'CAC']",113.08407,137.05891,23.97484,FALSE,,FALSE,FALSE,FALSE,
133,I to K,I,K,"['AUU', 'AUC', 'AUA']","['AAA', 'AAG']",113.08407,128.09497,15.0109,TRUE,2,FALSE,TRUE,FALSE,
134,I to M,I,M,"['AUU', 'AUC', 'AUA']",['AUG'],113.08407,131.04049,17.95642,TRUE,3,FALSE,FALSE,FALSE,
135,I to N,I,N,"['AUU', 'AUC', 'AUA']","['AAU', 'AAC']",113.08407,114.04293,0.95886,TRUE,2,FALSE,FALSE,FALSE,
136,I to P,I,P,"['AUU', 'AUC', 'AUA']","['CCU', 'CCC', 'CCA', 'CCG']",113.08407,97.05277,-16.0313,FALSE,,FALSE,FALSE,FALSE,
137,I to Q,I,Q,"['AUU', 'AUC', 'AUA']","['CAA', 'CAG']",113.08407,128.05858,14.97451,FALSE,,FALSE,FALSE,FALSE,
138,I to R,I,R,"['AUU', 'AUC', 'AUA']","['CGU', 'CGC', 'CGA', 'CGG', 'AGA', 'AGG']",113.08407,156.10112,43.01705,TRUE,2,FALSE,TRUE,FALSE,
139,I to S,I,S,"['AUU', 'AUC', 'AUA']","['UCU', 'UCC', 'UCA', 'UCG', 'AGU', 'AGC']",113.08407,87.03203,-26.05204,TRUE,2,FALSE,FALSE,FALSE,
140,I to T,I,T,"['AUU', 'AUC', 'AUA']","['ACU', 'ACC', 'ACA', 'ACG']",113.08407,101.04768,-12.03639,TRUE,2,FALSE,FALSE,FALSE,
141,I to V,I,V,"['AUU', 'AUC', 'AUA']","['GUU', 'GUC', 'GUA', 'GUG']",113.08407,99.06842,-14.01565,TRUE,1,FALSE,FALSE,FALSE,
142,I to W,I,W,"['AUU', 'AUC', 'AUA']",['UGG'],113.08407,186.07932,72.99525,FALSE,,FALSE,FALSE,FALSE,
143,I to Y,I,Y,"['AUU', 'AUC', 'AUA']","['UAU', 'UAC']",113.08407,163.0633,49.97923,FALSE,,FALSE,FALSE,FALSE,
144,K to A,K,A,"['AAA', 'AAG']","['GCU', 'GCC', 'GCA', 'GCG']",128.09497,71.03712,-57.05785,FALSE,,TRUE,FALSE,FALSE,
145,K to C,K,C,"['AAA', 'AAG']","['UGU', 'UGC']",128.09497,160.030654,31.93568,FALSE,,TRUE,FALSE,TRUE,Lys->Cys substitution and carbamidomethylation
146,K to D,K,D,"['AAA', 'AAG']","['GAU', 'GAC']",128.09497,115.02695,-13.06802,FALSE,,TRUE,FALSE,FALSE,
147,K to E,K,E,"['AAA', 'AAG']","['GAA', 'GAG']",128.09497,129.0426,0.94763,TRUE,1,TRUE,FALSE,FALSE,
148,K to F,K,F,"['AAA', 'AAG']","['UUU', 'UUC']",128.09497,147.06842,18.97345,FALSE,,TRUE,FALSE,FALSE,
149,K to G,K,G,"['AAA', 'AAG']","['GGU', 'GGC', 'GGA', 'GGG']",128.09497,57.02147,-71.0735,FALSE,,TRUE,FALSE,FALSE,
150,K to H,K,H,"['AAA', 'AAG']","['CAU', 'CAC']",128.09497,137.05891,8.96394,FALSE,,TRUE,FALSE,FALSE,
151,K to L,K,L,"['AAA', 'AAG']","['UUA', 'UUG', 'CUU', 'CUC', 'CUA', 'CUG', 'AUA', 'AUC', 'AUU']",128.09497,113.08407,-15.0109,TRUE,2,TRUE,FALSE,TRUE,ISD (z+2)-series
152,K to M,K,M,"['AAA', 'AAG']",['AUG'],128.09497,131.04049,2.94552,TRUE,2,TRUE,FALSE,FALSE,
153,K to N,K,N,"['AAA', 'AAG']","['AAU', 'AAC']",128.09497,114.04293,-14.05204,TRUE,3,TRUE,FALSE,FALSE,
154,K to P,K,P,"['AAA', 'AAG']","['CCU', 'CCC', 'CCA', 'CCG']",128.09497,97.05277,-31.0422,FALSE,,TRUE,FALSE,FALSE,
155,K to Q,K,Q,"['AAA', 'AAG']","['CAA', 'CAG']",128.09497,128.05858,-0.03639,TRUE,1,TRUE,FALSE,FALSE,
156,K to R,K,R,"['AAA', 'AAG']","['CGU', 'CGC', 'CGA', 'CGG', 'AGA', 'AGG']",128.09497,156.10112,28.00615,TRUE,2,FALSE,FALSE,FALSE,
157,K to S,K,S,"['AAA', 'AAG']","['UCU', 'UCC', 'UCA', 'UCG', 'AGU', 'AGC']",128.09497,87.03203,-41.06294,FALSE,,TRUE,FALSE,FALSE,
158,K to T,K,T,"['AAA', 'AAG']","['ACU', 'ACC', 'ACA', 'ACG']",128.09497,101.04768,-27.04729,TRUE,2,TRUE,FALSE,FALSE,
159,K to V,K,V,"['AAA', 'AAG']","['GUU', 'GUC', 'GUA', 'GUG']",128.09497,99.06842,-29.02655,FALSE,,TRUE,FALSE,FALSE,
160,K to W,K,W,"['AAA', 'AAG']",['UGG'],128.09497,186.07932,57.98435,FALSE,,TRUE,FALSE,FALSE,
161,K to Y,K,Y,"['AAA', 'AAG']","['UAU', 'UAC']",128.09497,163.0633,34.96833,FALSE,,TRUE,FALSE,FALSE,
162,L to A,L,A,"['UUA', 'UUG', 'CUU', 'CUC', 'CUA', 'CUG']","['GCU', 'GCC', 'GCA', 'GCG']",113.08407,71.03712,-42.04695,FALSE,,FALSE,FALSE,FALSE,
163,L to C,L,C,"['UUA', 'UUG', 'CUU', 'CUC', 'CUA', 'CUG']","['UGU', 'UGC']",113.08407,160.030654,46.94658,FALSE,,FALSE,FALSE,FALSE,
164,L to D,L,D,"['UUA', 'UUG', 'CUU', 'CUC', 'CUA', 'CUG']","['GAU', 'GAC']",113.08407,115.02695,1.94288,FALSE,,FALSE,FALSE,FALSE,
165,L to E,L,E,"['UUA', 'UUG', 'CUU', 'CUC', 'CUA', 'CUG']","['GAA', 'GAG']",113.08407,129.0426,15.95853,FALSE,,FALSE,FALSE,FALSE,
166,L to F,L,F,"['UUA', 'UUG', 'CUU', 'CUC', 'CUA', 'CUG']","['UUU', 'UUC']",113.08407,147.06842,33.98435,TRUE,"1,3",FALSE,FALSE,FALSE,
167,L to G,L,G,"['UUA', 'UUG', 'CUU', 'CUC', 'CUA', 'CUG']","['GGU', 'GGC', 'GGA', 'GGG']",113.08407,57.02147,-56.0626,FALSE,,FALSE,FALSE,FALSE,
168,L to H,L,H,"['UUA', 'UUG', 'CUU', 'CUC', 'CUA', 'CUG']","['CAU', 'CAC']",113.08407,137.05891,23.97484,TRUE,2,FALSE,FALSE,FALSE,
169,L to K,L,K,"['UUA', 'UUG', 'CUU', 'CUC', 'CUA', 'CUG']","['AAA', 'AAG']",113.08407,128.09497,15.0109,FALSE,,FALSE,TRUE,FALSE,
170,L to M,L,M,"['UUA', 'UUG', 'CUU', 'CUC', 'CUA', 'CUG']",['AUG'],113.08407,131.04049,17.95642,TRUE,1,FALSE,FALSE,FALSE,
171,L to N,L,N,"['UUA', 'UUG', 'CUU', 'CUC', 'CUA', 'CUG']","['AAU', 'AAC']",113.08407,114.04293,0.95886,FALSE,,FALSE,FALSE,FALSE,
172,L to P,L,P,"['UUA', 'UUG', 'CUU', 'CUC', 'CUA', 'CUG']","['CCU', 'CCC', 'CCA', 'CCG']",113.08407,97.05277,-16.0313,TRUE,2,FALSE,FALSE,FALSE,
173,L to Q,L,Q,"['UUA', 'UUG', 'CUU', 'CUC', 'CUA', 'CUG']","['CAA', 'CAG']",113.08407,128.05858,14.97451,TRUE,2,FALSE,FALSE,FALSE,
174,L to R,L,R,"['UUA', 'UUG', 'CUU', 'CUC', 'CUA', 'CUG']","['CGU', 'CGC', 'CGA', 'CGG', 'AGA', 'AGG']",113.08407,156.10112,43.01705,TRUE,2,FALSE,TRUE,FALSE,
175,L to S,L,S,"['UUA', 'UUG', 'CUU', 'CUC', 'CUA', 'CUG']","['UCU', 'UCC', 'UCA', 'UCG', 'AGU', 'AGC']",113.08407,87.03203,-26.05204,TRUE,2,FALSE,FALSE,FALSE,
176,L to T,L,T,"['UUA', 'UUG', 'CUU', 'CUC', 'CUA', 'CUG']","['ACU', 'ACC', 'ACA', 'ACG']",113.08407,101.04768,-12.03639,FALSE,,FALSE,FALSE,FALSE,
177,L to V,L,V,"['UUA', 'UUG', 'CUU', 'CUC', 'CUA', 'CUG']","['GUU', 'GUC', 'GUA', 'GUG']",113.08407,99.06842,-14.01565,TRUE,1,FALSE,FALSE,FALSE,
178,L to W,L,W,"['UUA', 'UUG', 'CUU', 'CUC', 'CUA', 'CUG']",['UGG'],113.08407,186.07932,72.99525,TRUE,2,FALSE,FALSE,FALSE,
179,L to Y,L,Y,"['UUA', 'UUG', 'CUU', 'CUC', 'CUA', 'CUG']","['UAU', 'UAC']",113.08407,163.0633,49.97923,FALSE,,FALSE,FALSE,FALSE,
180,M to A,M,A,['AUG'],"['GCU', 'GCC', 'GCA', 'GCG']",131.04049,71.03712,-60.00337,FALSE,,FALSE,FALSE,FALSE,
181,M to C,M,C,['AUG'],"['UGU', 'UGC']",131.04049,160.030654,28.99016,FALSE,,FALSE,FALSE,FALSE,
182,M to D,M,D,['AUG'],"['GAU', 'GAC']",131.04049,115.02695,-16.01354,FALSE,,FALSE,FALSE,FALSE,
183,M to E,M,E,['AUG'],"['GAA', 'GAG']",131.04049,129.0426,-1.99789,FALSE,,FALSE,FALSE,FALSE,
184,M to F,M,F,['AUG'],"['UUU', 'UUC']",131.04049,147.06842,16.02793,FALSE,,FALSE,FALSE,FALSE,
185,M to G,M,G,['AUG'],"['GGU', 'GGC', 'GGA', 'GGG']",131.04049,57.02147,-74.01902,FALSE,,FALSE,FALSE,FALSE,
186,M to H,M,H,['AUG'],"['CAU', 'CAC']",131.04049,137.05891,6.01842,FALSE,,FALSE,FALSE,FALSE,
187,M to K,M,K,['AUG'],"['AAA', 'AAG']",131.04049,128.09497,-2.94552,TRUE,2,FALSE,TRUE,FALSE,
188,M to L,M,L,['AUG'],"['UUA', 'UUG', 'CUU', 'CUC', 'CUA', 'CUG', 'AUA', 'AUC', 'AUU']",131.04049,113.08407,-17.95642,TRUE,"1 (Leu), 3 (Ile, G:U for AUG:AUA)",FALSE,FALSE,FALSE,
189,M to N,M,N,['AUG'],"['AAU', 'AAC']",131.04049,114.04293,-16.99756,FALSE,,FALSE,FALSE,FALSE,
190,M to P,M,P,['AUG'],"['CCU', 'CCC', 'CCA', 'CCG']",131.04049,97.05277,-33.98772,FALSE,,FALSE,FALSE,FALSE,
191,M to Q,M,Q,['AUG'],"['CAA', 'CAG']",131.04049,128.05858,-2.98191,FALSE,,FALSE,FALSE,FALSE,
192,M to R,M,R,['AUG'],"['CGU', 'CGC', 'CGA', 'CGG', 'AGA', 'AGG']",131.04049,156.10112,25.06063,TRUE,2,FALSE,TRUE,FALSE,
193,M to S,M,S,['AUG'],"['UCU', 'UCC', 'UCA', 'UCG', 'AGU', 'AGC']",131.04049,87.03203,-44.00846,FALSE,,FALSE,FALSE,FALSE,
194,M to T,M,T,['AUG'],"['ACU', 'ACC', 'ACA', 'ACG']",131.04049,101.04768,-29.99281,TRUE,2,FALSE,FALSE,TRUE,"Met --> isoThr, Chernobrovkin et al 2015"
195,M to V,M,V,['AUG'],"['GUU', 'GUC', 'GUA', 'GUG']",131.04049,99.06842,-31.97207,TRUE,1,FALSE,FALSE,FALSE,
196,M to W,M,W,['AUG'],['UGG'],131.04049,186.07932,55.03883,FALSE,,FALSE,FALSE,FALSE,
197,M to Y,M,Y,['AUG'],"['UAU', 'UAC']",131.04049,163.0633,32.02281,FALSE,,FALSE,FALSE,FALSE,
198,N to A,N,A,"['AAU', 'AAC']","['GCU', 'GCC', 'GCA', 'GCG']",114.04293,71.03712,-43.00581,FALSE,,FALSE,FALSE,FALSE,
199,N to C,N,C,"['AAU', 'AAC']","['UGU', 'UGC']",114.04293,160.030654,45.98772,FALSE,,FALSE,FALSE,TRUE,Beta-methylthiolation
200,N to D,N,D,"['AAU', 'AAC']","['GAU', 'GAC']",114.04293,115.02695,0.98402,TRUE,1,FALSE,FALSE,TRUE,Deamidation
201,N to E,N,E,"['AAU', 'AAC']","['GAA', 'GAG']",114.04293,129.0426,14.99967,FALSE,,FALSE,FALSE,FALSE,
202,N to F,N,F,"['AAU', 'AAC']","['UUU', 'UUC']",114.04293,147.06842,33.02549,FALSE,,FALSE,FALSE,FALSE,
203,N to G,N,G,"['AAU', 'AAC']","['GGU', 'GGC', 'GGA', 'GGG']",114.04293,57.02147,-57.02146,FALSE,,FALSE,FALSE,FALSE,
204,N to H,N,H,"['AAU', 'AAC']","['CAU', 'CAC']",114.04293,137.05891,23.01598,TRUE,1,FALSE,FALSE,FALSE,
205,N to K,N,K,"['AAU', 'AAC']","['AAA', 'AAG']",114.04293,128.09497,14.05204,TRUE,3,FALSE,TRUE,FALSE,
206,N to L,N,L,"['AAU', 'AAC']","['UUA', 'UUG', 'CUU', 'CUC', 'CUA', 'CUG', 'AUA', 'AUC', 'AUU']",114.04293,113.08407,-0.95886,TRUE,2,FALSE,FALSE,FALSE,
207,N to M,N,M,"['AAU', 'AAC']",['AUG'],114.04293,131.04049,16.99756,FALSE,,FALSE,FALSE,FALSE,
208,N to P,N,P,"['AAU', 'AAC']","['CCU', 'CCC', 'CCA', 'CCG']",114.04293,97.05277,-16.99016,FALSE,,FALSE,FALSE,FALSE,
209,N to Q,N,Q,"['AAU', 'AAC']","['CAA', 'CAG']",114.04293,128.05858,14.01565,FALSE,,FALSE,FALSE,TRUE,Methylation
210,N to R,N,R,"['AAU', 'AAC']","['CGU', 'CGC', 'CGA', 'CGG', 'AGA', 'AGG']",114.04293,156.10112,42.05819,FALSE,,FALSE,TRUE,FALSE,
211,N to S,N,S,"['AAU', 'AAC']","['UCU', 'UCC', 'UCA', 'UCG', 'AGU', 'AGC']",114.04293,87.03203,-27.0109,TRUE,2,FALSE,FALSE,FALSE,
212,N to T,N,T,"['AAU', 'AAC']","['ACU', 'ACC', 'ACA', 'ACG']",114.04293,101.04768,-12.99525,TRUE,2,FALSE,FALSE,FALSE,
213,N to V,N,V,"['AAU', 'AAC']","['GUU', 'GUC', 'GUA', 'GUG']",114.04293,99.06842,-14.97451,FALSE,,FALSE,FALSE,FALSE,
214,N to W,N,W,"['AAU', 'AAC']",['UGG'],114.04293,186.07932,72.03639,FALSE,,FALSE,FALSE,FALSE,
215,N to Y,N,Y,"['AAU', 'AAC']","['UAU', 'UAC']",114.04293,163.0633,49.02037,TRUE,1,FALSE,FALSE,FALSE,
216,P to A,P,A,"['CCU', 'CCC', 'CCA', 'CCG']","['GCU', 'GCC', 'GCA', 'GCG']",97.05277,71.03712,-26.01565,TRUE,1,FALSE,FALSE,FALSE,
217,P to C,P,C,"['CCU', 'CCC', 'CCA', 'CCG']","['UGU', 'UGC']",97.05277,160.030654,62.97788,FALSE,,FALSE,FALSE,FALSE,
218,P to D,P,D,"['CCU', 'CCC', 'CCA', 'CCG']","['GAU', 'GAC']",97.05277,115.02695,17.97418,FALSE,,FALSE,FALSE,FALSE,
219,P to E,P,E,"['CCU', 'CCC', 'CCA', 'CCG']","['GAA', 'GAG']",97.05277,129.0426,31.98983,FALSE,,FALSE,FALSE,TRUE,dihydroxy
220,P to F,P,F,"['CCU', 'CCC', 'CCA', 'CCG']","['UUU', 'UUC']",97.05277,147.06842,50.01565,FALSE,,FALSE,FALSE,FALSE,
221,P to G,P,G,"['CCU', 'CCC', 'CCA', 'CCG']","['GGU', 'GGC', 'GGA', 'GGG']",97.05277,57.02147,-40.0313,FALSE,,FALSE,FALSE,FALSE,
222,P to H,P,H,"['CCU', 'CCC', 'CCA', 'CCG']","['CAU', 'CAC']",97.05277,137.05891,40.00614,TRUE,2,FALSE,FALSE,FALSE,
223,P to K,P,K,"['CCU', 'CCC', 'CCA', 'CCG']","['AAA', 'AAG']",97.05277,128.09497,31.0422,FALSE,,FALSE,TRUE,FALSE,
224,P to L,P,L,"['CCU', 'CCC', 'CCA', 'CCG']","['UUA', 'UUG', 'CUU', 'CUC', 'CUA', 'CUG', 'AUA', 'AUC', 'AUU']",97.05277,113.08407,16.0313,TRUE,2,FALSE,FALSE,FALSE,
225,P to M,P,M,"['CCU', 'CCC', 'CCA', 'CCG']",['AUG'],97.05277,131.04049,33.98772,FALSE,,FALSE,FALSE,FALSE,
226,P to N,P,N,"['CCU', 'CCC', 'CCA', 'CCG']","['AAU', 'AAC']",97.05277,114.04293,16.99016,FALSE,,FALSE,FALSE,FALSE,
227,P to Q,P,Q,"['CCU', 'CCC', 'CCA', 'CCG']","['CAA', 'CAG']",97.05277,128.05858,31.00581,TRUE,2,FALSE,FALSE,FALSE,
228,P to R,P,R,"['CCU', 'CCC', 'CCA', 'CCG']","['CGU', 'CGC', 'CGA', 'CGG', 'AGA', 'AGG']",97.05277,156.10112,59.04835,TRUE,2,FALSE,TRUE,FALSE,
229,P to S,P,S,"['CCU', 'CCC', 'CCA', 'CCG']","['UCU', 'UCC', 'UCA', 'UCG', 'AGU', 'AGC']",97.05277,87.03203,-10.02074,TRUE,1,FALSE,FALSE,FALSE,
230,P to T,P,T,"['CCU', 'CCC', 'CCA', 'CCG']","['ACU', 'ACC', 'ACA', 'ACG']",97.05277,101.04768,3.99491,TRUE,1,FALSE,FALSE,FALSE,
231,P to V,P,V,"['CCU', 'CCC', 'CCA', 'CCG']","['GUU', 'GUC', 'GUA', 'GUG']",97.05277,99.06842,2.01565,FALSE,,FALSE,FALSE,FALSE,
232,P to W,P,W,"['CCU', 'CCC', 'CCA', 'CCG']",['UGG'],97.05277,186.07932,89.02655,FALSE,,FALSE,FALSE,FALSE,
233,P to Y,P,Y,"['CCU', 'CCC', 'CCA', 'CCG']","['UAU', 'UAC']",97.05277,163.0633,66.01053,FALSE,,FALSE,FALSE,FALSE,
234,Q to A,Q,A,"['CAA', 'CAG']","['GCU', 'GCC', 'GCA', 'GCG']",128.05858,71.03712,-57.02146,FALSE,,FALSE,FALSE,FALSE,
235,Q to C,Q,C,"['CAA', 'CAG']","['UGU', 'UGC']",128.05858,160.030654,31.97207,FALSE,,FALSE,FALSE,FALSE,
236,Q to D,Q,D,"['CAA', 'CAG']","['GAU', 'GAC']",128.05858,115.02695,-13.03163,FALSE,,FALSE,FALSE,FALSE,
237,Q to E,Q,E,"['CAA', 'CAG']","['GAA', 'GAG']",128.05858,129.0426,0.98402,TRUE,1,FALSE,FALSE,TRUE,Deamidation
238,Q to F,Q,F,"['CAA', 'CAG']","['UUU', 'UUC']",128.05858,147.06842,19.00984,FALSE,,FALSE,FALSE,FALSE,
239,Q to G,Q,G,"['CAA', 'CAG']","['GGU', 'GGC', 'GGA', 'GGG']",128.05858,57.02147,-71.03711,FALSE,,FALSE,FALSE,FALSE,
240,Q to H,Q,H,"['CAA', 'CAG']","['CAU', 'CAC']",128.05858,137.05891,9.00033,TRUE,3,FALSE,FALSE,FALSE,
241,Q to K,Q,K,"['CAA', 'CAG']","['AAA', 'AAG']",128.05858,128.09497,0.03639,TRUE,1,FALSE,TRUE,FALSE,
242,Q to L,Q,L,"['CAA', 'CAG']","['UUA', 'UUG', 'CUU', 'CUC', 'CUA', 'CUG', 'AUA', 'AUC', 'AUU']",128.05858,113.08407,-14.97451,TRUE,2,FALSE,FALSE,FALSE,
243,Q to M,Q,M,"['CAA', 'CAG']",['AUG'],128.05858,131.04049,2.98191,FALSE,,FALSE,FALSE,FALSE,
244,Q to N,Q,N,"['CAA', 'CAG']","['AAU', 'AAC']",128.05858,114.04293,-14.01565,FALSE,,FALSE,FALSE,FALSE,
245,Q to P,Q,P,"['CAA', 'CAG']","['CCU', 'CCC', 'CCA', 'CCG']",128.05858,97.05277,-31.00581,TRUE,2,FALSE,FALSE,FALSE,
246,Q to R,Q,R,"['CAA', 'CAG']","['CGU', 'CGC', 'CGA', 'CGG', 'AGA', 'AGG']",128.05858,156.10112,28.04254,TRUE,2,FALSE,TRUE,FALSE,
247,Q to S,Q,S,"['CAA', 'CAG']","['UCU', 'UCC', 'UCA', 'UCG', 'AGU', 'AGC']",128.05858,87.03203,-41.02655,FALSE,,FALSE,FALSE,FALSE,
248,Q to T,Q,T,"['CAA', 'CAG']","['ACU', 'ACC', 'ACA', 'ACG']",128.05858,101.04768,-27.0109,FALSE,,FALSE,FALSE,FALSE,
249,Q to V,Q,V,"['CAA', 'CAG']","['GUU', 'GUC', 'GUA', 'GUG']",128.05858,99.06842,-28.99016,FALSE,,FALSE,FALSE,FALSE,
250,Q to W,Q,W,"['CAA', 'CAG']",['UGG'],128.05858,186.07932,58.02074,FALSE,,FALSE,FALSE,FALSE,
251,Q to Y,Q,Y,"['CAA', 'CAG']","['UAU', 'UAC']",128.05858,163.0633,35.00472,FALSE,,FALSE,FALSE,FALSE,
252,R to A,R,A,"['CGU', 'CGC', 'CGA', 'CGG', 'AGA', 'AGG']","['GCU', 'GCC', 'GCA', 'GCG']",156.10112,71.03712,-85.064,FALSE,,TRUE,FALSE,FALSE,
253,R to C,R,C,"['CGU', 'CGC', 'CGA', 'CGG', 'AGA', 'AGG']","['UGU', 'UGC']",156.10112,160.030654,3.92953,TRUE,1,TRUE,FALSE,FALSE,
254,R to D,R,D,"['CGU', 'CGC', 'CGA', 'CGG', 'AGA', 'AGG']","['GAU', 'GAC']",156.10112,115.02695,-41.07417,FALSE,,TRUE,FALSE,FALSE,
255,R to E,R,E,"['CGU', 'CGC', 'CGA', 'CGG', 'AGA', 'AGG']","['GAA', 'GAG']",156.10112,129.0426,-27.05852,FALSE,,TRUE,FALSE,FALSE,
256,R to F,R,F,"['CGU', 'CGC', 'CGA', 'CGG', 'AGA', 'AGG']","['UUU', 'UUC']",156.10112,147.06842,-9.0327,FALSE,,TRUE,FALSE,FALSE,
257,R to G,R,G,"['CGU', 'CGC', 'CGA', 'CGG', 'AGA', 'AGG']","['GGU', 'GGC', 'GGA', 'GGG']",156.10112,57.02147,-99.07965,TRUE,1,TRUE,FALSE,FALSE,
258,R to H,R,H,"['CGU', 'CGC', 'CGA', 'CGG', 'AGA', 'AGG']","['CAU', 'CAC']",156.10112,137.05891,-19.04221,TRUE,"2 (G:U for CGU:CAU, CGC:CAC)",TRUE,FALSE,FALSE,
259,R to K,R,K,"['CGU', 'CGC', 'CGA', 'CGG', 'AGA', 'AGG']","['AAA', 'AAG']",156.10112,128.09497,-28.00615,TRUE,"2 (G:U for AGA:AAA, AGG:AAG)",FALSE,FALSE,FALSE,
260,R to L,R,L,"['CGU', 'CGC', 'CGA', 'CGG', 'AGA', 'AGG']","['UUA', 'UUG', 'CUU', 'CUC', 'CUA', 'CUG', 'AUA', 'AUC', 'AUU']",156.10112,113.08407,-43.01705,TRUE,2,TRUE,FALSE,FALSE,
261,R to M,R,M,"['CGU', 'CGC', 'CGA', 'CGG', 'AGA', 'AGG']",['AUG'],156.10112,131.04049,-25.06063,TRUE,2,TRUE,FALSE,FALSE,
262,R to N,R,N,"['CGU', 'CGC', 'CGA', 'CGG', 'AGA', 'AGG']","['AAU', 'AAC']",156.10112,114.04293,-42.05819,FALSE,,TRUE,FALSE,FALSE,
263,R to P,R,P,"['CGU', 'CGC', 'CGA', 'CGG', 'AGA', 'AGG']","['CCU', 'CCC', 'CCA', 'CCG']",156.10112,97.05277,-59.04835,TRUE,2,TRUE,FALSE,FALSE,
264,R to Q,R,Q,"['CGU', 'CGC', 'CGA', 'CGG', 'AGA', 'AGG']","['CAA', 'CAG']",156.10112,128.05858,-28.04254,TRUE,"2 (G:U for CGA:CAA, CGG:CAG)",TRUE,FALSE,FALSE,
265,R to S,R,S,"['CGU', 'CGC', 'CGA', 'CGG', 'AGA', 'AGG']","['UCU', 'UCC', 'UCA', 'UCG', 'AGU', 'AGC']",156.10112,87.03203,-69.06909,TRUE,"1, 3",TRUE,FALSE,FALSE,
266,R to T,R,T,"['CGU', 'CGC', 'CGA', 'CGG', 'AGA', 'AGG']","['ACU', 'ACC', 'ACA', 'ACG']",156.10112,101.04768,-55.05344,TRUE,2,TRUE,FALSE,FALSE,
267,R to V,R,V,"['CGU', 'CGC', 'CGA', 'CGG', 'AGA', 'AGG']","['GUU', 'GUC', 'GUA', 'GUG']",156.10112,99.06842,-57.0327,FALSE,,TRUE,FALSE,FALSE,
268,R to W,R,W,"['CGU', 'CGC', 'CGA', 'CGG', 'AGA', 'AGG']",['UGG'],156.10112,186.07932,29.9782,TRUE,1,TRUE,FALSE,FALSE,
269,R to Y,R,Y,"['CGU', 'CGC', 'CGA', 'CGG', 'AGA', 'AGG']","['UAU', 'UAC']",156.10112,163.0633,6.96218,FALSE,,TRUE,FALSE,FALSE,
270,S to A,S,A,"['UCU', 'UCC', 'UCA', 'UCG', 'AGU', 'AGC']","['GCU', 'GCC', 'GCA', 'GCG']",87.03203,71.03712,-15.99491,TRUE,1,FALSE,FALSE,FALSE,
271,S to C,S,C,"['UCU', 'UCC', 'UCA', 'UCG', 'AGU', 'AGC']","['UGU', 'UGC']",87.03203,160.030654,72.99862,TRUE,"1, 2",FALSE,FALSE,FALSE,
272,S to D,S,D,"['UCU', 'UCC', 'UCA', 'UCG', 'AGU', 'AGC']","['GAU', 'GAC']",87.03203,115.02695,27.99492,FALSE,,FALSE,FALSE,TRUE,Formylation
273,S to E,S,E,"['UCU', 'UCC', 'UCA', 'UCG', 'AGU', 'AGC']","['GAA', 'GAG']",87.03203,129.0426,42.01057,FALSE,,FALSE,FALSE,TRUE,Acetylation
274,S to F,S,F,"['UCU', 'UCC', 'UCA', 'UCG', 'AGU', 'AGC']","['UUU', 'UUC']",87.03203,147.06842,60.03639,TRUE,2,FALSE,FALSE,FALSE,
275,S to G,S,G,"['UCU', 'UCC', 'UCA', 'UCG', 'AGU', 'AGC']","['GGU', 'GGC', 'GGA', 'GGG']",87.03203,57.02147,-30.01056,TRUE,1,FALSE,FALSE,FALSE,
276,S to H,S,H,"['UCU', 'UCC', 'UCA', 'UCG', 'AGU', 'AGC']","['CAU', 'CAC']",87.03203,137.05891,50.02688,FALSE,,FALSE,FALSE,FALSE,
277,S to K,S,K,"['UCU', 'UCC', 'UCA', 'UCG', 'AGU', 'AGC']","['AAA', 'AAG']",87.03203,128.09497,41.06294,FALSE,,FALSE,TRUE,FALSE,
278,S to L,S,L,"['UCU', 'UCC', 'UCA', 'UCG', 'AGU', 'AGC']","['UUA', 'UUG', 'CUU', 'CUC', 'CUA', 'CUG', 'AUA', 'AUC', 'AUU']",87.03203,113.08407,26.05204,TRUE,2,FALSE,FALSE,FALSE,
279,S to M,S,M,"['UCU', 'UCC', 'UCA', 'UCG', 'AGU', 'AGC']",['AUG'],87.03203,131.04049,44.00846,FALSE,,FALSE,FALSE,FALSE,
280,S to N,S,N,"['UCU', 'UCC', 'UCA', 'UCG', 'AGU', 'AGC']","['AAU', 'AAC']",87.03203,114.04293,27.0109,TRUE,"2 (G:U for AGU:AAU, AGC:AAC)",FALSE,FALSE,FALSE,
281,S to P,S,P,"['UCU', 'UCC', 'UCA', 'UCG', 'AGU', 'AGC']","['CCU', 'CCC', 'CCA', 'CCG']",87.03203,97.05277,10.02074,TRUE,1,FALSE,FALSE,FALSE,
282,S to Q,S,Q,"['UCU', 'UCC', 'UCA', 'UCG', 'AGU', 'AGC']","['CAA', 'CAG']",87.03203,128.05858,41.02655,FALSE,,FALSE,FALSE,FALSE,
283,S to R,S,R,"['UCU', 'UCC', 'UCA', 'UCG', 'AGU', 'AGC']","['CGU', 'CGC', 'CGA', 'CGG', 'AGA', 'AGG']",87.03203,156.10112,69.06909,TRUE,"1, 3",FALSE,TRUE,FALSE,
284,S to T,S,T,"['UCU', 'UCC', 'UCA', 'UCG', 'AGU', 'AGC']","['ACU', 'ACC', 'ACA', 'ACG']",87.03203,101.04768,14.01565,TRUE,"1, 2",FALSE,FALSE,TRUE,Methylation
285,S to V,S,V,"['UCU', 'UCC', 'UCA', 'UCG', 'AGU', 'AGC']","['GUU', 'GUC', 'GUA', 'GUG']",87.03203,99.06842,12.03639,FALSE,,FALSE,FALSE,FALSE,
286,S to W,S,W,"['UCU', 'UCC', 'UCA', 'UCG', 'AGU', 'AGC']",['UGG'],87.03203,186.07932,99.04729,TRUE,2,FALSE,FALSE,FALSE,
287,S to Y,S,Y,"['UCU', 'UCC', 'UCA', 'UCG', 'AGU', 'AGC']","['UAU', 'UAC']",87.03203,163.0633,76.03127,TRUE,2,FALSE,FALSE,FALSE,
288,T to A,T,A,"['ACU', 'ACC', 'ACA', 'ACG']","['GCU', 'GCC', 'GCA', 'GCG']",101.04768,71.03712,-30.01056,TRUE,1,FALSE,FALSE,FALSE,
289,T to C,T,C,"['ACU', 'ACC', 'ACA', 'ACG']","['UGU', 'UGC']",101.04768,160.030654,58.98297,FALSE,,FALSE,FALSE,FALSE,
290,T to D,T,D,"['ACU', 'ACC', 'ACA', 'ACG']","['GAU', 'GAC']",101.04768,115.02695,13.97927,FALSE,,FALSE,FALSE,FALSE,
291,T to E,T,E,"['ACU', 'ACC', 'ACA', 'ACG']","['GAA', 'GAG']",101.04768,129.0426,27.99492,FALSE,,FALSE,FALSE,TRUE,Formylation
292,T to F,T,F,"['ACU', 'ACC', 'ACA', 'ACG']","['UUU', 'UUC']",101.04768,147.06842,46.02074,FALSE,,FALSE,FALSE,FALSE,
293,T to G,T,G,"['ACU', 'ACC', 'ACA', 'ACG']","['GGU', 'GGC', 'GGA', 'GGG']",101.04768,57.02147,-44.02621,FALSE,,FALSE,FALSE,FALSE,
294,T to H,T,H,"['ACU', 'ACC', 'ACA', 'ACG']","['CAU', 'CAC']",101.04768,137.05891,36.01123,FALSE,,FALSE,FALSE,FALSE,
295,T to K,T,K,"['ACU', 'ACC', 'ACA', 'ACG']","['AAA', 'AAG']",101.04768,128.09497,27.04729,TRUE,2,FALSE,TRUE,FALSE,
296,T to L,T,L,"['ACU', 'ACC', 'ACA', 'ACG']","['UUA', 'UUG', 'CUU', 'CUC', 'CUA', 'CUG', 'AUA', 'AUC', 'AUU']",101.04768,113.08407,12.03639,TRUE,2,FALSE,FALSE,FALSE,
297,T to M,T,M,"['ACU', 'ACC', 'ACA', 'ACG']",['AUG'],101.04768,131.04049,29.99281,TRUE,2,FALSE,FALSE,FALSE,
298,T to N,T,N,"['ACU', 'ACC', 'ACA', 'ACG']","['AAU', 'AAC']",101.04768,114.04293,12.99525,TRUE,2,FALSE,FALSE,FALSE,
299,T to P,T,P,"['ACU', 'ACC', 'ACA', 'ACG']","['CCU', 'CCC', 'CCA', 'CCG']",101.04768,97.05277,-3.99491,TRUE,1,FALSE,FALSE,FALSE,
300,T to Q,T,Q,"['ACU', 'ACC', 'ACA', 'ACG']","['CAA', 'CAG']",101.04768,128.05858,27.0109,FALSE,,FALSE,FALSE,FALSE,
301,T to R,T,R,"['ACU', 'ACC', 'ACA', 'ACG']","['CGU', 'CGC', 'CGA', 'CGG', 'AGA', 'AGG']",101.04768,156.10112,55.05344,TRUE,2,FALSE,TRUE,FALSE,
302,T to S,T,S,"['ACU', 'ACC', 'ACA', 'ACG']","['UCU', 'UCC', 'UCA', 'UCG', 'AGU', 'AGC']",101.04768,87.03203,-14.01565,TRUE,"1, 2",FALSE,FALSE,FALSE,
303,T to V,T,V,"['ACU', 'ACC', 'ACA', 'ACG']","['GUU', 'GUC', 'GUA', 'GUG']",101.04768,99.06842,-1.97926,FALSE,,FALSE,FALSE,FALSE,
304,T to W,T,W,"['ACU', 'ACC', 'ACA', 'ACG']",['UGG'],101.04768,186.07932,85.03164,FALSE,,FALSE,FALSE,FALSE,
305,T to Y,T,Y,"['ACU', 'ACC', 'ACA', 'ACG']","['UAU', 'UAC']",101.04768,163.0633,62.01562,FALSE,,FALSE,FALSE,FALSE,
306,V to A,V,A,"['GUU', 'GUC', 'GUA', 'GUG']","['GCU', 'GCC', 'GCA', 'GCG']",99.06842,71.03712,-28.0313,TRUE,2,FALSE,FALSE,FALSE,
307,V to C,V,C,"['GUU', 'GUC', 'GUA', 'GUG']","['UGU', 'UGC']",99.06842,160.030654,60.96223,FALSE,,FALSE,FALSE,FALSE,
308,V to D,V,D,"['GUU', 'GUC', 'GUA', 'GUG']","['GAU', 'GAC']",99.06842,115.02695,15.95853,TRUE,2,FALSE,FALSE,FALSE,
309,V to E,V,E,"['GUU', 'GUC', 'GUA', 'GUG']","['GAA', 'GAG']",99.06842,129.0426,29.97418,TRUE,2,FALSE,FALSE,FALSE,
310,V to F,V,F,"['GUU', 'GUC', 'GUA', 'GUG']","['UUU', 'UUC']",99.06842,147.06842,48,TRUE,1,FALSE,FALSE,FALSE,
311,V to G,V,G,"['GUU', 'GUC', 'GUA', 'GUG']","['GGU', 'GGC', 'GGA', 'GGG']",99.06842,57.02147,-42.04695,TRUE,2,FALSE,FALSE,FALSE,
312,V to H,V,H,"['GUU', 'GUC', 'GUA', 'GUG']","['CAU', 'CAC']",99.06842,137.05891,37.99049,FALSE,,FALSE,FALSE,FALSE,
313,V to K,V,K,"['GUU', 'GUC', 'GUA', 'GUG']","['AAA', 'AAG']",99.06842,128.09497,29.02655,FALSE,,FALSE,TRUE,FALSE,
314,V to L,V,L,"['GUU', 'GUC', 'GUA', 'GUG']","['UUA', 'UUG', 'CUU', 'CUC', 'CUA', 'CUG', 'AUA', 'AUC', 'AUU']",99.06842,113.08407,14.01565,TRUE,"1 (G:U for GUU:AUU(Ile), GUC:AUC(Ile), GUA:AUA(Ile))",FALSE,FALSE,TRUE,Methylation
315,V to M,V,M,"['GUU', 'GUC', 'GUA', 'GUG']",['AUG'],99.06842,131.04049,31.97207,TRUE,1 (G:U for GUG:AUG),FALSE,FALSE,FALSE,
316,V to N,V,N,"['GUU', 'GUC', 'GUA', 'GUG']","['AAU', 'AAC']",99.06842,114.04293,14.97451,FALSE,,FALSE,FALSE,FALSE,
317,V to P,V,P,"['GUU', 'GUC', 'GUA', 'GUG']","['CCU', 'CCC', 'CCA', 'CCG']",99.06842,97.05277,-2.01565,FALSE,,FALSE,FALSE,FALSE,
318,V to Q,V,Q,"['GUU', 'GUC', 'GUA', 'GUG']","['CAA', 'CAG']",99.06842,128.05858,28.99016,FALSE,,FALSE,FALSE,FALSE,
319,V to R,V,R,"['GUU', 'GUC', 'GUA', 'GUG']","['CGU', 'CGC', 'CGA', 'CGG', 'AGA', 'AGG']",99.06842,156.10112,57.0327,FALSE,,FALSE,TRUE,FALSE,
320,V to S,V,S,"['GUU', 'GUC', 'GUA', 'GUG']","['UCU', 'UCC', 'UCA', 'UCG', 'AGU', 'AGC']",99.06842,87.03203,-12.03639,FALSE,,FALSE,FALSE,FALSE,
321,V to T,V,T,"['GUU', 'GUC', 'GUA', 'GUG']","['ACU', 'ACC', 'ACA', 'ACG']",99.06842,101.04768,1.97926,FALSE,,FALSE,FALSE,FALSE,
322,V to W,V,W,"['GUU', 'GUC', 'GUA', 'GUG']",['UGG'],99.06842,186.07932,87.0109,FALSE,,FALSE,FALSE,FALSE,
323,V to Y,V,Y,"['GUU', 'GUC', 'GUA', 'GUG']","['UAU', 'UAC']",99.06842,163.0633,63.99488,FALSE,,FALSE,FALSE,FALSE,
324,W to A,W,A,['UGG'],"['GCU', 'GCC', 'GCA', 'GCG']",186.07932,71.03712,-115.0422,FALSE,,FALSE,FALSE,FALSE,
325,W to C,W,C,['UGG'],"['UGU', 'UGC']",186.07932,160.030654,-26.04867,TRUE,3,FALSE,FALSE,FALSE,
326,W to D,W,D,['UGG'],"['GAU', 'GAC']",186.07932,115.02695,-71.05237,FALSE,,FALSE,FALSE,FALSE,
327,W to E,W,E,['UGG'],"['GAA', 'GAG']",186.07932,129.0426,-57.03672,FALSE,,FALSE,FALSE,FALSE,
328,W to F,W,F,['UGG'],"['UUU', 'UUC']",186.07932,147.06842,-39.0109,FALSE,,FALSE,FALSE,FALSE,
329,W to G,W,G,['UGG'],"['GGU', 'GGC', 'GGA', 'GGG']",186.07932,57.02147,-129.05785,TRUE,1,FALSE,FALSE,FALSE,
330,W to H,W,H,['UGG'],"['CAU', 'CAC']",186.07932,137.05891,-49.02041,FALSE,,FALSE,FALSE,FALSE,
331,W to K,W,K,['UGG'],"['AAA', 'AAG']",186.07932,128.09497,-57.98435,FALSE,,FALSE,TRUE,FALSE,
332,W to L,W,L,['UGG'],"['UUA', 'UUG', 'CUU', 'CUC', 'CUA', 'CUG', 'AUA', 'AUC', 'AUU']",186.07932,113.08407,-72.99525,TRUE,2,FALSE,FALSE,FALSE,
333,W to M,W,M,['UGG'],['AUG'],186.07932,131.04049,-55.03883,FALSE,,FALSE,FALSE,FALSE,
334,W to N,W,N,['UGG'],"['AAU', 'AAC']",186.07932,114.04293,-72.03639,FALSE,,FALSE,FALSE,FALSE,
335,W to P,W,P,['UGG'],"['CCU', 'CCC', 'CCA', 'CCG']",186.07932,97.05277,-89.02655,FALSE,,FALSE,FALSE,FALSE,
336,W to Q,W,Q,['UGG'],"['CAA', 'CAG']",186.07932,128.05858,-58.02074,FALSE,,FALSE,FALSE,FALSE,
337,W to R,W,R,['UGG'],"['CGU', 'CGC', 'CGA', 'CGG', 'AGA', 'AGG']",186.07932,156.10112,-29.9782,TRUE,1,FALSE,TRUE,FALSE,
338,W to S,W,S,['UGG'],"['UCU', 'UCC', 'UCA', 'UCG', 'AGU', 'AGC']",186.07932,87.03203,-99.04729,TRUE,2,FALSE,FALSE,FALSE,
339,W to T,W,T,['UGG'],"['ACU', 'ACC', 'ACA', 'ACG']",186.07932,101.04768,-85.03164,FALSE,,FALSE,FALSE,FALSE,
340,W to V,W,V,['UGG'],"['GUU', 'GUC', 'GUA', 'GUG']",186.07932,99.06842,-87.0109,FALSE,,FALSE,FALSE,FALSE,
341,W to Y,W,Y,['UGG'],"['UAU', 'UAC']",186.07932,163.0633,-23.01602,FALSE,,FALSE,FALSE,FALSE,
342,Y to A,Y,A,"['UAU', 'UAC']","['GCU', 'GCC', 'GCA', 'GCG']",163.0633,71.03712,-92.02618,FALSE,,FALSE,FALSE,FALSE,
343,Y to C,Y,C,"['UAU', 'UAC']","['UGU', 'UGC']",163.0633,160.030654,-3.03265,TRUE,2,FALSE,FALSE,FALSE,
344,Y to D,Y,D,"['UAU', 'UAC']","['GAU', 'GAC']",163.0633,115.02695,-48.03635,TRUE,1,FALSE,FALSE,FALSE,
345,Y to E,Y,E,"['UAU', 'UAC']","['GAA', 'GAG']",163.0633,129.0426,-34.0207,FALSE,,FALSE,FALSE,FALSE,
346,Y to F,Y,F,"['UAU', 'UAC']","['UUU', 'UUC']",163.0633,147.06842,-15.99488,TRUE,2,FALSE,FALSE,FALSE,
347,Y to G,Y,G,"['UAU', 'UAC']","['GGU', 'GGC', 'GGA', 'GGG']",163.0633,57.02147,-106.04183,FALSE,,FALSE,FALSE,FALSE,
348,Y to H,Y,H,"['UAU', 'UAC']","['CAU', 'CAC']",163.0633,137.05891,-26.00439,TRUE,1,FALSE,FALSE,FALSE,
349,Y to K,Y,K,"['UAU', 'UAC']","['AAA', 'AAG']",163.0633,128.09497,-34.96833,FALSE,,FALSE,TRUE,FALSE,
350,Y to L,Y,L,"['UAU', 'UAC']","['UUA', 'UUG', 'CUU', 'CUC', 'CUA', 'CUG', 'AUA', 'AUC', 'AUU']",163.0633,113.08407,-49.97923,FALSE,,FALSE,FALSE,FALSE,
351,Y to M,Y,M,"['UAU', 'UAC']",['AUG'],163.0633,131.04049,-32.02281,FALSE,,FALSE,FALSE,FALSE,
352,Y to N,Y,N,"['UAU', 'UAC']","['AAU', 'AAC']",163.0633,114.04293,-49.02037,TRUE,1,FALSE,FALSE,FALSE,
353,Y to P,Y,P,"['UAU', 'UAC']","['CCU', 'CCC', 'CCA', 'CCG']",163.0633,97.05277,-66.01053,FALSE,,FALSE,FALSE,FALSE,
354,Y to Q,Y,Q,"['UAU', 'UAC']","['CAA', 'CAG']",163.0633,128.05858,-35.00472,FALSE,,FALSE,FALSE,FALSE,
355,Y to R,Y,R,"['UAU', 'UAC']","['CGU', 'CGC', 'CGA', 'CGG', 'AGA', 'AGG']",163.0633,156.10112,-6.96218,FALSE,,FALSE,TRUE,FALSE,
356,Y to S,Y,S,"['UAU', 'UAC']","['UCU', 'UCC', 'UCA', 'UCG', 'AGU', 'AGC']",163.0633,87.03203,-76.03127,TRUE,2,FALSE,FALSE,FALSE,
357,Y to T,Y,T,"['UAU', 'UAC']","['ACU', 'ACC', 'ACA', 'ACG']",163.0633,101.04768,-62.01562,FALSE,,FALSE,FALSE,FALSE,
358,Y to V,Y,V,"['UAU', 'UAC']","['GUU', 'GUC', 'GUA', 'GUG']",163.0633,99.06842,-63.99488,FALSE,,FALSE,FALSE,FALSE,
359,Y to W,Y,W,"['UAU', 'UAC']",['UGG'],163.0633,186.07932,23.01602,FALSE,,FALSE,FALSE,FALSE,
